{
  "name": "paper-icon-button",
  "private": true,
  "dependencies": {
    "polymer": "Polymer/polymer#^0.5.0",
    "paper-button": "Polymer/paper-button#^0.5.0",
    "core-icon": "Polymer/core-icon#^0.5.0",
    "core-icons": "Polymer/core-icons#^0.5.0",
    "paper-ripple": "Polymer/paper-ripple#^0.5.0"
  },
  "devDependencies": {
    "web-component-tester": "Polymer/web-component-tester#^1.1.4"
  },
  "version": "0.5.1",
  "homepage": "https://github.com/Polymer/paper-icon-button",
  "_release": "0.5.1",
  "_resolution": {
    "type": "version",
    "tag": "0.5.1",
    "commit": "d09ae2f1de7bf2ebb0239cf4fe08265824d83a2e"
  },
  "_source": "git://github.com/Polymer/paper-icon-button.git",
  "_target": "~0.5.1",
  "_originalSource": "Polymer/paper-icon-button",
  "_direct": true
}