{
  "name": "paper-shadow",
  "private": true,
  "dependencies": {
    "polymer": "Polymer/polymer#^0.5.0"
  },
  "devDependencies": {
    "web-component-tester": "Polymer/web-component-tester#^1.1.4"
  },
  "version": "0.5.1",
  "homepage": "https://github.com/Polymer/paper-shadow",
  "_release": "0.5.1",
  "_resolution": {
    "type": "version",
    "tag": "0.5.1",
    "commit": "b21a4f3ed07b6a69a550bb2afafb8154c59ebcc0"
  },
  "_source": "git://github.com/Polymer/paper-shadow.git",
  "_target": "^0.5.0",
  "_originalSource": "Polymer/paper-shadow"
}