{
  "name": "paper-fab",
  "private": true,
  "dependencies": {
    "polymer": "Polymer/polymer#^0.5.0",
    "core-icon": "Polymer/core-icon#^0.5.0",
    "core-icons": "Polymer/core-icons#^0.5.0",
    "paper-button": "Polymer/paper-button#^0.5.0",
    "paper-ripple": "Polymer/paper-ripple#^0.5.0",
    "paper-shadow": "Polymer/paper-shadow#^0.5.0"
  },
  "devDependencies": {
    "web-component-tester": "Polymer/web-component-tester#^1.1.4"
  },
  "version": "0.5.1",
  "homepage": "https://github.com/Polymer/paper-fab",
  "_release": "0.5.1",
  "_resolution": {
    "type": "version",
    "tag": "0.5.1",
    "commit": "4416c627459f147458c3b276b6a6be1db52a973d"
  },
  "_source": "git://github.com/Polymer/paper-fab.git",
  "_target": "^0.5.0",
  "_originalSource": "Polymer/paper-fab"
}