{
  "name": "core-component-page",
  "private": true,
  "dependencies": {
    "webcomponentsjs": "Polymer/webcomponentsjs#^0.5.0",
    "polymer": "Polymer/polymer#^0.5.0"
  },
  "version": "0.5.1",
  "homepage": "https://github.com/Polymer/core-component-page",
  "_release": "0.5.1",
  "_resolution": {
    "type": "version",
    "tag": "0.5.1",
    "commit": "ef1f86e659fd7498755e027d1561acc963d67807"
  },
  "_source": "git://github.com/Polymer/core-component-page.git",
  "_target": "^0.5.0",
  "_originalSource": "Polymer/core-component-page"
}