{
  "name": "webcomponentsjs",
  "main": "webcomponents.js",
  "version": "0.5.1",
  "homepage": "http://webcomponents.org",
  "authors": [
    "The Polymer Authors"
  ],
  "keywords": [
    "webcomponents"
  ],
  "license": "BSD",
  "ignore": [],
  "_release": "0.5.1",
  "_resolution": {
    "type": "version",
    "tag": "0.5.1",
    "commit": "89c466eb29642c3e5ba2594e9330eb62ade1dbab"
  },
  "_source": "git://github.com/Polymer/webcomponentsjs.git",
  "_target": "^0.5.0",
  "_originalSource": "Polymer/webcomponentsjs"
}