{
  "name": "core-input",
  "dependencies": {
    "polymer": "Polymer/polymer#^0.5.0"
  },
  "devDependencies": {
    "web-component-tester": "Polymer/web-component-tester#^1.1.4"
  },
  "version": "0.5.1",
  "homepage": "https://github.com/Polymer/core-input",
  "_release": "0.5.1",
  "_resolution": {
    "type": "version",
    "tag": "0.5.1",
    "commit": "9d2825e6318ee37f66e0ac5e4cc36d259df40494"
  },
  "_source": "git://github.com/Polymer/core-input.git",
  "_target": "^0.5.0",
  "_originalSource": "Polymer/core-input"
}