{
  "name": "core-icon-button",
  "private": true,
  "dependencies": {
    "core-icons": "Polymer/core-icons#^0.5.0"
  },
  "version": "0.5.1",
  "homepage": "https://github.com/Polymer/core-icon-button",
  "_release": "0.5.1",
  "_resolution": {
    "type": "version",
    "tag": "0.5.1",
    "commit": "a7e63fce6ab930e3cd88d287d7595f0c728e2d89"
  },
  "_source": "git://github.com/Polymer/core-icon-button.git",
  "_target": "~0.5.1",
  "_originalSource": "Polymer/core-icon-button",
  "_direct": true
}