{
  "name": "paper-radio-group",
  "private": true,
  "dependencies": {
    "core-a11y-keys": "Polymer/core-a11y-keys#^0.5.0",
    "core-selector": "Polymer/core-selector#^0.5.0",
    "font-roboto": "Polymer/font-roboto#^0.5.0",
    "paper-radio-button": "Polymer/paper-radio-button#^0.5.0"
  },
  "version": "0.5.1",
  "homepage": "https://github.com/Polymer/paper-radio-group",
  "_release": "0.5.1",
  "_resolution": {
    "type": "version",
    "tag": "0.5.1",
    "commit": "86e3e0ea8f5b2d43d9300e8b5ef09a28ddf9f7a8"
  },
  "_source": "git://github.com/Polymer/paper-radio-group.git",
  "_target": "~0.5.1",
  "_originalSource": "Polymer/paper-radio-group",
  "_direct": true
}