{
  "name": "core-a11y-keys",
  "private": true,
  "dependencies": {
    "polymer": "Polymer/polymer#^0.5.0"
  },
  "devDependencies": {
    "web-component-tester": "Polymer/web-component-tester#^1"
  },
  "ignore": [
    "**/.*",
    "node_modules",
    "bower_components",
    "test",
    "tests"
  ],
  "version": "0.5.1",
  "homepage": "https://github.com/Polymer/core-a11y-keys",
  "_release": "0.5.1",
  "_resolution": {
    "type": "version",
    "tag": "0.5.1",
    "commit": "235e4834483ee7ce04c14e53279826cd834dc22f"
  },
  "_source": "git://github.com/Polymer/core-a11y-keys.git",
  "_target": "~0.5.1",
  "_originalSource": "Polymer/core-a11y-keys",
  "_direct": true
}