{"an": 1, "myself": 1, "itself": 1, "much": 1, "everyone": 1, "thereupon": 1, "off": 1, "using": 1, "you": 1, "once": 1, "then": 1, "another": 1, "should": 1, "toward": 1, "always": 1, "move": 1, "ourselves": 1, "within": 1, "various": 1, "latterly": 1, "further": 1, "from": 1, "more": 1, "next": 1, "beforehand": 1, "most": 1, "almost": 1, "somehow": 1, "whole": 1, "beyond": 1, "since": 1, "'ve": 1, "ten": 1, "otherwise": 1, "enough": 1, "third": 1, "seeming": 1, "last": 1, "i": 1, "else": 1, "which": 1, "whom": 1, "done": 1, "whoever": 1, "therefore": 1, "against": 1, "top": 1, "when": 1, "every": 1, "into": 1, "she": 1, "fifty": 1, "often": 1, "latter": 1, "ours": 1, "might": 1, "whatever": 1, "just": 1, "hundred": 1, "also": 1, "out": 1, "we": 1, "keep": 1, "what": 1, "the": 1, "same": 1, "about": 1, "your": 1, "anyway": 1, "anywhere": 1, "ever": 1, "some": 1, "her": 1, "fifteen": 1, "thru": 1, "wherein": 1, "amongst": 1, "seems": 1, "'s": 1, "’s": 1, "'re": 1, "nor": 1, "us": 1, "all": 1, "it": 1, "less": 1, "twelve": 1, "‘s": 1, "moreover": 1, "‘ve": 1, "whither": 1, "along": 1, "towards": 1, "nine": 1, "several": 1, "many": 1, "eleven": 1, "in": 1, "my": 1, "nevertheless": 1, "used": 1, "am": 1, "whose": 1, "‘d": 1, "get": 1, "be": 1, "nothing": 1, "ca": 1, "other": 1, "with": 1, "though": 1, "under": 1, "'d": 1, "wherever": 1, "three": 1, "’ll": 1, "front": 1, "became": 1, "not": 1, "here": 1, "between": 1, "those": 1, "both": 1, "together": 1, "whenever": 1, "give": 1, "does": 1, "regarding": 1, "nobody": 1, "something": 1, "at": 1, "through": 1, "anyone": 1, "already": 1, "him": 1, "whence": 1, "on": 1, "this": 1, "mine": 1, "until": 1, "formerly": 1, "but": 1, "to": 1, "everything": 1, "across": 1, "therein": 1, "except": 1, "’m": 1, "up": 1, "amount": 1, "he": 1, "call": 1, "‘re": 1, "were": 1, "side": 1, "thus": 1, "do": 1, "say": 1, "hence": 1, "former": 1, "afterwards": 1, "somewhere": 1, "still": 1, "two": 1, "yourself": 1, "namely": 1, "make": 1, "because": 1, "will": 1, "would": 1, "has": 1, "thence": 1, "‘ll": 1, "others": 1, "themselves": 1, "indeed": 1, "may": 1, "take": 1, "sixty": 1, "however": 1, "behind": 1, "before": 1, "without": 1, "mostly": 1, "each": 1, "n't": 1, "himself": 1, "above": 1, "anything": 1, "whereas": 1, "never": 1, "after": 1, "few": 1, "elsewhere": 1, "and": 1, "'m": 1, "full": 1, "n‘t": 1, "own": 1, "by": 1, "per": 1, "eight": 1, "name": 1, "least": 1, "hereafter": 1, "neither": 1, "was": 1, "why": 1, "noone": 1, "so": 1, "even": 1, "while": 1, "or": 1, "someone": 1, "cannot": 1, "hereupon": 1, "throughout": 1, "one": 1, "yourselves": 1, "hereby": 1, "now": 1, "they": 1, "via": 1, "only": 1, "there": 1, "whereby": 1, "due": 1, "their": 1, "anyhow": 1, "as": 1, "doing": 1, "them": 1, "put": 1, "whereafter": 1, "if": 1, "rather": 1, "either": 1, "’ve": 1, "seemed": 1, "a": 1, "show": 1, "such": 1, "have": 1, "whereupon": 1, "twenty": 1, "its": 1, "below": 1, "had": 1, "become": 1, "re": 1, "thereafter": 1, "could": 1, "for": 1, "over": 1, "can": 1, "where": 1, "’d": 1, "quite": 1, "perhaps": 1, "than": 1, "five": 1, "meanwhile": 1, "besides": 1, "well": 1, "none": 1, "becoming": 1, "herein": 1, "see": 1, "no": 1, "our": 1, "down": 1, "must": 1, "did": 1, "six": 1, "go": 1, "how": 1, "around": 1, "is": 1, "again": 1, "part": 1, "n’t": 1, "hers": 1, "are": 1, "whether": 1, "these": 1, "'ll": 1, "first": 1, "onto": 1, "being": 1, "seem": 1, "unless": 1, "‘m": 1, "empty": 1, "his": 1, "really": 1, "too": 1, "made": 1, "yours": 1, "of": 1, "please": 1, "very": 1, "back": 1, "upon": 1, "been": 1, "forty": 1, "serious": 1, "four": 1, "alone": 1, "who": 1, "any": 1, "that": 1, "sometime": 1, "becomes": 1, "during": 1, "among": 1, "herself": 1, "me": 1, "everywhere": 1, "yet": 1, "nowhere": 1, "bottom": 1, "’re": 1, "although": 1, "sometimes": 1, "thereby": 1, "beside": 1}
