{
  "name": "paper-button",
  "private": true,
  "dependencies": {
    "polymer": "Polymer/polymer#^0.5.0",
    "core-focusable": "Polymer/core-focusable#^0.5.0",
    "core-icon": "Polymer/core-icon#^0.5.0",
    "paper-ripple": "Polymer/paper-ripple#^0.5.0",
    "paper-shadow": "Polymer/paper-shadow#^0.5.0"
  },
  "devDependencies": {
    "web-component-tester": "Polymer/web-component-tester#^1.1.4"
  },
  "version": "0.5.1",
  "homepage": "https://github.com/Polymer/paper-button",
  "_release": "0.5.1",
  "_resolution": {
    "type": "version",
    "tag": "0.5.1",
    "commit": "6e838076db9ec76d4fe739daadd3dc697bf6750b"
  },
  "_source": "git://github.com/Polymer/paper-button.git",
  "_target": "^0.5.0",
  "_originalSource": "Polymer/paper-button"
}