{
  "name": "paper-spinner",
  "private": true,
  "dependencies": {
    "polymer": "Polymer/polymer#^0.5.0",
    "webcomponentsjs": "Polymer/webcomponentsjs#^0.5.0"
  },
  "version": "0.5.1",
  "homepage": "https://github.com/Polymer/paper-spinner",
  "_release": "0.5.1",
  "_resolution": {
    "type": "version",
    "tag": "0.5.1",
    "commit": "ff8dbd45a33d3aaeaa391584f81f7897694c3296"
  },
  "_source": "git://github.com/Polymer/paper-spinner.git",
  "_target": "~0.5.1",
  "_originalSource": "Polymer/paper-spinner",
  "_direct": true
}