{
  "name": "core-icon",
  "private": true,
  "dependencies": {
    "core-iconset": "Polymer/core-iconset#^0.5.0",
    "core-icons": "Polymer/core-icons#^0.5.0"
  },
  "version": "0.5.1",
  "homepage": "https://github.com/Polymer/core-icon",
  "_release": "0.5.1",
  "_resolution": {
    "type": "version",
    "tag": "0.5.1",
    "commit": "cbe85cb40df5c66ac712699a8d6d0f0e369c51f1"
  },
  "_source": "git://github.com/Polymer/core-icon.git",
  "_target": "^0.5.0",
  "_originalSource": "Polymer/core-icon"
}