{
  "AAAAA": "A",
  "AAAAB": "B",
  "AAABA": "C",
  "AAABB": "D",
  "AABAA": "E",
  "AABAB": "F",
  "AABBA": "G",
  "AABBB": "H",
  "ABAAA": "I",
  "ABAAB": "K",
  "ABABA": "L",
  "ABABB": "M",
  "ABBAA": "N",
  "ABBAB": "O",
  "ABBBA": "P",
  "ABBBB": "Q",
  "BAAAA": "R",
  "BAAAB": "S",
  "BAABA": "T",
  "BAABB": "U",
  "BABAA": "W",
  "BABAB": "X",
  "BABBA": "Y",
  "BABBB": "Z",
  "+AAAAA": "A",
  "+AAAAB": "B",
  "+AAABA": "C",
  "+AAABB": "D",
  "+AABAA": "E",
  "+AABAB": "F",
  "+AABBA": "G",
  "+AABBB": "H",
  "+ABAAA": "I",
  "+ABAAB": "J",
  "+ABABA": "K",
  "+ABABB": "L",
  "+ABBAA": "M",
  "+ABBAB": "N",
  "+ABBBA": "O",
  "+ABBBB": "P",
  "+BAAAA": "Q",
  "+BAAAB": "R",
  "+BAABA": "S",
  "+BAABB": "T",
  "+BABAA": "U",
  "+BABAB": "V",
  "+BABBA": "W",
  "+BABBB": "X",
  "+BBAAA": "Y",
  "+BBAAB": "Z"
}
