{
  "name": "core-drawer-panel",
  "private": true,
  "dependencies": {
    "core-selector": "Polymer/core-selector#^0.5.0",
    "core-media-query": "Polymer/core-media-query#^0.5.0"
  },
  "version": "0.5.1",
  "homepage": "https://github.com/Polymer/core-drawer-panel",
  "_release": "0.5.1",
  "_resolution": {
    "type": "version",
    "tag": "0.5.1",
    "commit": "a60992d7c92b63ca92b5e582887fe0ded4384942"
  },
  "_source": "git://github.com/Polymer/core-drawer-panel.git",
  "_target": "~0.5.1",
  "_originalSource": "Polymer/core-drawer-panel",
  "_direct": true
}