{
  "name": "paper-radio-button",
  "private": true,
  "dependencies": {
    "core-a11y-keys": "Polymer/core-a11y-keys#^0.5.0",
    "paper-ripple": "Polymer/paper-ripple#^0.5.0"
  },
  "ignore": [
    "externs/**"
  ],
  "version": "0.5.1",
  "homepage": "https://github.com/Polymer/paper-radio-button",
  "_release": "0.5.1",
  "_resolution": {
    "type": "version",
    "tag": "0.5.1",
    "commit": "8d599f4c3d5a94be54c670dd6c38a8ffe0fdb998"
  },
  "_source": "git://github.com/Polymer/paper-radio-button.git",
  "_target": "^0.5.0",
  "_originalSource": "Polymer/paper-radio-button"
}